"","County","D303_Percent","SEWAGENPDESperKM","INDNPDESperKM","STORMNPDESperKM","numDays_Close_Activity_tot","numDays_Cont_Activity_tot","numDays_Rain_Activity_tot","Per_TotPopSS_ave","CaAve","MgAve","Kave","NaAve","NH4Ave","NO3Ave","ClAve","SO4Ave","HgAve","AvgOfD3_ave","As","Ba","Cd","Cr","CN","FL","HG","NO3","NO2","SE","SB","BE","TI","ENDRIN","LINDANE","METHOXYCHLOR","TOXAPHENE","DALAPON","DEHA","OXAMYL","SIMAZINE","DEHP","PICLORAM","DINOSEB","HCCPD","CARBOFURAN","ATRAZINE","ALACHLOR","HEPTACHLOR","HEPTACHLOR_EPOX","24D","HCB","BENZOAP","PCP","124TCIB","PCB","DBCP","EDB","XYLENES","CHLORDANE","DCM","ODCB","PDCB","VCM","11DCE","T12DCE","EDC","111TRICHLORANE","CCL4","PDC","TRICHLORENE","112TCA","C2CL4","BENZENE","CL1BENZ","TOLUENE","ETHYLBENZ","STRYENE","DCE","ALPHA","SILVEX","Instances","Instance Rate"
"1","Alamance",3.92,0,99.89,7.01,0,0,0,43.76,0.0851,0.032,0.1057,0.1283,0.2558,0.914,0.2594,1.5227,5.9378,6.71,0.005,0.21,0.001,0.015,0.028,0.34,0,0.85,0.17,0.008,0.003,0,0.001,0.01,0.21,0.1,1,1,0.94,2,0.07,1.32,0.1,0.2,0.1,0.9,0.1,0.2,0.04,0.02,0.1,0.1,0.02,0.04,0.5,0.1,0.02,0.01,2.98,0.2,0.5,0.5,0.5,0.5,0.5,0.5,0.5,0.5,0.5,0.5,0.5,0.5,0.5,0.5,0.5,0.5,0.82,0.7,0.5,2.2,0.2,"1,121",531.7
"2","Alexander",NA,0,40.43,0,0,0,0,33.59,0.0917,0.0251,0.118,0.0727,0.2002,0.8623,0.1604,1.6206,6.915,12.45,0.005,0.4,0.001,0.02,0.04,0.14,0,0.87,0.1,0.01,0.003,0,0.001,0.01,0.4,0.1,1,1,0.6,2,0.07,1.32,0.1,0.2,0.1,0.9,0.1,0.2,0.04,0.02,0.1,0.1,0.02,0.04,0.5,0.1,0.02,0.01,1.05,0.2,0.5,0.5,0.5,0.5,0.5,0.5,0.5,0.5,0.5,0.5,0.5,0.5,0.5,0.5,0.5,0.5,0.5,0.5,0.5,3,0.2,"240",456.8
"3","Alleghany",NA,0,18.49,0,0,0,0,70.36,0.1056,0.0231,0.1196,0.0551,0.1946,0.9097,0.129,1.5635,6.9697,7.08,0.005,0.02,0.001,0.01,0.04,0.1,0,0.82,0.1,0.01,0.003,0,0.001,0.01,0.02,0.1,1,1,0.6,2,0.07,1.32,0.1,0.2,0.1,0.9,0.1,0.2,0.04,0.02,0.1,0.1,0.02,0.04,0.5,0.1,0.02,0.01,1.8,0.2,0.5,0.5,0.5,0.5,0.5,0.5,0.5,0.5,0.5,0.5,0.5,0.5,0.5,0.5,0.5,1,0.5,0.5,0.5,0,0.2,"69",339.2
"4","Anson",9.08,1.53,23.02,0.77,0,0,0,14.52,0.0925,0.0322,0.1078,0.1451,0.2433,0.9105,0.2847,1.5385,4.6064,7.92,0.004,0.02,0.001,0.053,0.005,0.85,0,1.38,0,0.004,0.002,0,0.001,0.01,0.02,0.1,1,1,0.6,2,0.07,1.32,0.1,0.2,0.1,0.9,0.1,0.2,0.04,0.02,0.1,0.1,0.02,0.04,0.5,0.1,0.02,0.01,0.5,0.2,0.5,0.5,0.5,0.5,0.5,0.5,0.5,0.5,0.5,0.5,0.5,0.5,0.5,0.5,0.5,0.5,0.5,0.5,0.5,0.8,0.2,"168",490.8
"5","Ashe",1.92,0,33.33,0,0,0,0,83.4,0.1012,0.0208,0.1054,0.0504,0.1896,0.883,0.1145,1.4844,7.1059,7.29,0.005,0.15,0.001,0.014,0.02,0.31,0,0.65,0.1,0.006,0.003,0,0.001,0.01,0.15,0.1,1,1,0.73,2,0.07,1.32,0.1,0.2,0.1,0.9,0.1,0.2,0.04,0.02,0.1,0.1,0.02,0.04,0.5,0.1,0.02,0.01,0.5,0.2,0.5,0.5,0.5,0.5,0.5,0.5,0.5,0.5,0.5,0.5,0.5,0.5,0.5,0.5,0.5,0.5,0.5,0.5,0.5,2.03,0.2,"189",401.7
"6","Avery",2,0,81.31,0,0,0,0,41.35,0.0878,0.0193,0.0869,0.055,0.1704,0.7606,0.1095,1.3178,6.8889,10.94,0.005,0.35,0.001,0.018,0.037,0.15,0,1.04,0.1,0.01,0.003,0,0.001,0.01,0.35,0.1,1,1,0.6,2,0.07,1.32,0.1,0.2,0.1,0.9,0.1,0.2,0.04,0.02,0.1,0.1,0.02,0.04,0.5,0.1,0.02,0.01,0.5,0.2,0.5,0.5,0.5,0.5,0.5,0.5,0.5,0.5,0.5,0.5,0.5,0.5,0.5,0.5,0.5,1.25,0.5,0.5,0.5,1.73,0.2,"98",357.7
"7","Beaufort",0.82,5.07,31.46,2.54,0,6,0,25.67,0.0942,0.0604,0.0988,0.3828,0.1914,0.7032,0.6746,1.0432,3.4956,0,0.005,0.1,0.001,0.005,0.04,0.32,0,0.96,0,0.01,0.003,0,0.001,0.01,0.1,0.1,1,1.1,0.6,2,0.07,1.32,0.1,0.2,0.1,0.9,0.1,0.2,0.04,0.02,0.1,0.1,0.02,0.04,0.5,0.1,0.02,0.01,0.99,0.2,0.5,0.5,0.5,0.5,0.5,0.5,0.5,0.5,0.5,0.5,0.5,0.5,0.5,0.5,0.5,0.5,0.5,0.5,0.5,3,0.2,"320",428.8
"8","Bertie",22.35,3.82,22.18,1.53,0,0,0,29.87,0.089,0.0396,0.0958,0.2355,0.1908,0.763,0.4198,1.1379,3.7644,0.28,0.005,0.29,0.001,0.012,0.04,1.23,0,0.64,0,0.01,0.003,0,0.001,0.01,0.29,0.1,1,1,0.6,2,0.07,1.32,0.1,0.2,0.1,0.9,0.1,0.2,0.04,0.02,0.1,0.1,0.02,0.04,0.5,0.1,0.02,0.01,0.93,0.2,0.5,0.5,0.5,0.5,0.5,0.5,0.5,0.5,0.5,0.5,0.5,0.5,0.5,0.5,0.5,0.5,0.5,0.5,0.5,0.77,0.2,"136",475.3
"9","Bladen",7.91,43.95,16.8,1.29,0,0,0,42.27,0.0885,0.0416,0.0836,0.2645,0.2285,0.7822,0.4788,1.2475,3.8956,0.78,0.005,0.19,0.001,0.012,0.036,0.36,0,1.19,0.07,0.008,0.003,0,0.001,0.01,0.19,0.1,1,1,0.6,2,0.07,1.32,0.1,0.2,0.1,0.9,0.1,0.2,0.04,0.02,0.1,0.1,0.02,0.04,0.5,0.1,0.02,0.01,1.73,0.2,0.5,0.5,0.5,0.5,0.5,0.5,0.5,0.5,0.5,0.5,0.5,0.5,0.5,0.5,0.5,0.5,3,0.5,0.5,0,0.2,"235",490
"10","Brunswick",2.26,3.84,29.83,3.41,0,2,0,20.66,0.1026,0.0845,0.125,0.4597,0.206,0.7247,0.8058,1.2076,3.7705,0.46,0.005,0.4,0.001,0.02,0.04,0.12,0,0.5,0.09,0.01,0.003,0,0.001,0.01,0.4,0.1,1,1,0.6,2,0.07,1.32,0.1,0.2,0.1,0.9,0.1,0.2,0.04,0.02,0.1,0.1,0.02,0.04,0.5,0.1,0.02,0.01,1.4,0.2,0.5,0.5,0.5,0.5,0.5,0.5,0.5,0.5,0.5,0.5,0.5,0.5,0.5,0.5,0.5,0.5,0.5,0.5,0.5,0,0.2,"1,232",473.6
"11","Buncombe",3.14,0,100.93,3.88,0,0,0,36.52,0.0814,0.0116,0.0606,0.0474,0.1363,0.6426,0.0922,1.0835,5.7375,8.98,0.007,0.15,0.001,0.013,0.023,0.23,0,0.94,0.09,0.013,0.003,0,0.001,0.01,0.15,0.1,1,1,0.6,2,0.07,1.32,0.1,0.2,0.1,0.9,0.1,0.2,0.04,0.02,0.1,0.1,0.02,0.04,2.32,0.1,0.02,0.01,0.5,0.2,0.5,0.56,0.5,0.5,0.5,0.5,2.32,0.5,0.5,0.5,1.94,0.5,0.78,0.57,0.5,0.5,0.5,0.5,2.32,1.92,0.2,"1,669",465.4
"12","Burke",0.74,0,64.99,6.42,0,0,0,39.37,0.0881,0.0222,0.0987,0.0651,0.1742,0.7593,0.1301,1.3758,7.0437,13.19,0.004,0.04,0.001,0.006,0.005,0.52,0,0.79,0.05,0.005,0.002,0,0.001,0.01,0.04,0.1,1,1,0.6,2,0.07,1.32,0.1,0.2,0.1,0.9,0.1,0.2,0.04,0.02,0.1,0.1,0.02,0.04,0.5,0.1,0.02,0.01,0.5,0.2,0.5,0.5,0.5,0.5,0.5,0.5,0.5,0.5,0.5,0.5,0.5,0.5,0.5,0.5,0.5,0.5,0.5,0.5,0.5,1.84,0.2,"617",471.3
"13","Cabarrus",22.03,0,104.71,7.17,0,0,0,23.21,0.0854,0.026,0.1089,0.1113,0.2189,0.908,0.2434,1.7595,5.3117,9.58,0.005,0.15,0.001,0.013,0.031,0.46,0,0.81,0.07,0.009,0.002,0,0.001,0.01,0.15,0.1,1,1,0.6,2,0.07,1.32,0.1,0.2,0.1,0.9,0.1,0.2,0.04,0.02,0.1,0.1,0.02,0.04,0.5,0.1,0.02,0.01,0.96,0.2,0.7,0.5,0.5,0.5,0.5,0.5,0.5,0.5,0.5,0.5,0.5,0.5,0.5,0.5,0.5,0.6,0.58,0.5,0.5,2.36,0.2,"1,122",493.9
"14","Caldwell",5.2,0,63.65,3.22,0,0,0,32.2,0.0935,0.0213,0.1066,0.0608,0.1818,0.8076,0.1286,1.445,7.0598,12.79,0.005,0.15,0.001,0.018,0.031,0.67,0,0.85,0,0.009,0.003,0,0.001,0.01,0.15,0.1,1,1,0.6,2,0.07,1.32,0.1,0.2,0.1,0.9,0.1,0.2,0.04,0.02,0.1,0.1,0.02,0.04,0.5,0.1,0.02,0.13,0.5,0.2,0.5,0.5,0.5,0.5,0.5,0.5,0.5,0.5,0.5,0.5,0.5,0.5,0.5,0.5,0.5,0.5,0.5,0.5,0.5,0,0.2,"574",486.6
"15","Camden",NA,0,12.8,0,0,0,0,16.34,0.1023,0.105,0.1661,0.4592,0.1575,0.7603,0.7935,1.1778,3.7068,0.2,0.005,0.1,0.001,0.005,0.04,0.27,0,1,0,0.01,0.003,0,0.001,0.01,0.1,0.1,1,1,0.6,2,0.07,1.32,0.1,0.2,0.1,0.9,0.1,0.2,0.04,0.02,0.1,0.1,0.02,0.04,0.5,0.1,0.02,0.01,0.5,0.2,0.5,0.5,0.5,0.5,0.5,0.5,0.5,0.5,0.5,0.5,0.5,0.5,0.5,0.5,0.5,0.5,0.5,0.5,0.5,0,0.2,"38",268.8
"16","Carteret",31.83,0,60.83,1.54,0,46,0,31.29,0.0949,0.0769,0.0801,0.6359,0.1559,0.6304,1.1281,0.9158,3.4418,0,0.006,0.35,0.001,0.018,0.035,0.15,0,0.58,0.07,0.01,0.003,0,0.001,0.01,0.35,0.1,1,1.31,0.6,2,0.07,1.91,0.1,0.2,0.2,0.9,0.1,0.2,0.04,0.02,0.31,0.1,0.02,0.04,0.5,0.1,0.02,0.01,0.5,0.2,0.5,0.5,0.5,0.5,0.5,0.5,0.5,0.5,0.5,0.5,0.5,0.5,0.5,0.5,0.5,8.75,0.5,0.5,0.5,1.71,0.2,"560",473
"17","Caswell",NA,0,54.58,0,0,0,0,87,0.0834,0.0244,0.0986,0.0951,0.2152,0.9256,0.207,1.4707,6.3396,7.49,0.004,0.16,0.001,0.01,0.023,0.77,0,0.92,0.13,0.006,0.002,0,0.001,0.01,0.16,0.1,1,1,0.6,2,0.07,1.32,0.1,0.2,0.1,0.9,0.1,0.2,0.04,0.02,0.1,0.1,0.02,0.04,0.5,0.1,0.02,0.01,0.5,0.2,0.5,0.5,0.5,0.5,0.5,0.5,0.5,0.5,0.5,0.5,0.5,0.5,0.5,0.5,0.5,0.5,0.5,0.5,0.5,4.5,0.2,"175",507.3
"18","Catawba",3.63,0,197.48,6.58,0,0,0,42.5,0.0881,0.0252,0.1168,0.0801,0.1915,0.8297,0.1723,1.6052,6.8942,12.72,0.004,0.13,0.001,0.013,0.038,0.58,0,0.54,0.05,0.008,0.002,0,0.001,0.01,0.13,0.1,1,1,0.6,2,0.07,1.32,0.1,0.2,0.1,0.9,0.1,0.2,0.04,0.02,0.1,0.1,0.02,0.04,0.5,0.1,0.02,0.01,1.82,0.2,0.5,0.5,0.6,0.63,0.5,0.5,0.5,0.5,0.5,0.5,0.5,0.5,0.5,0.5,0.5,0.58,1.1,0.5,0.5,2.05,0.2,"1,001",481
"19","Chatham",4.19,2.71,52.53,2.71,0,0,0,54.76,0.081,0.0256,0.0842,0.1322,0.2628,0.9071,0.259,1.4307,4.9706,6.09,0.005,0.14,0.001,0.014,0.048,0.44,0,1.04,0.1,0.007,0.003,0,0.001,0.01,0.14,0.1,1,1,0.6,2,0.09,1.32,0.1,0.2,0.1,0.9,0.11,0.2,0.04,0.02,0.1,0.1,0.02,0.04,0.5,0.1,0.02,0.01,0.5,0.2,0.5,0.5,0.5,0.5,0.5,0.5,0.5,0.5,0.5,0.5,0.5,0.5,0.5,0.5,0.5,0.5,0.5,0.5,0.5,2.71,0.2,"545",468
"20","Cherokee",NA,0,33.05,0,0,0,0,67.32,0.1012,0.0372,0.0932,0.0899,0.1359,0.6945,0.1862,1.2391,5.2517,1.68,0.007,0.14,0.001,0.014,0.02,0.13,0,0.43,0.1,0.014,0.003,0,0.001,0.01,0.14,0.1,1,1,1.5,2,0.07,1.32,0.1,0.2,0.1,0.9,0.1,0.2,0.04,0.02,0.1,0.1,0.02,0.04,0.5,0.1,0.02,0.01,0.5,0.2,0.5,0.5,0.5,0.5,0.5,0.5,0.5,0.5,0.5,0.5,0.5,0.5,0.5,0.5,0.5,0.5,0.5,0.5,0.5,0,0.2,"219",448.8
"21","Chowan",11.27,2.29,43.42,2.29,0,0,0,7.19,0.0976,0.0711,0.1312,0.3142,0.1651,0.7258,0.5406,1.1016,3.6669,0.07,0,0,0,0,0,0,0,1,0,0,0,0,0,0.01,0,0.1,1,1.27,0.6,2,0.07,1.32,0.1,0.2,0.1,0.9,0.1,0.2,0.04,0.02,0.21,0.1,0.02,0.04,0.5,0.1,0.02,0.01,0.5,0.2,0.5,0.5,0.5,0.5,0.5,0.5,0.5,0.5,0.5,0.5,0.5,0.5,0.5,0.5,0.5,0.5,0.5,0.5,0.5,0,0.2,"87",361.6
"22","Clay",NA,0,16.85,0,0,0,0,86.61,0.0917,0.0233,0.0779,0.0835,0.1357,0.6736,0.163,1.097,5.1669,2.51,0.009,0.02,0.001,0.02,0.022,0.18,0,0.77,0.08,0.01,0.003,0,0.001,0.01,0.02,0.1,1,1,0.6,2,0.07,1.32,0.1,0.2,0.1,0.9,0.1,0.2,0.04,0.02,0.1,0.1,0.02,0.04,0.5,0.1,0.02,0.01,0.5,0.2,0.5,0.5,0.5,0.5,0.5,0.5,0.5,0.5,0.5,0.5,0.5,0.5,0.5,0.5,0.5,0.5,0.5,0.5,0.5,0.72,0.2,"70",358
"23","Cleveland",0.92,0,98.2,1.16,0,0,0,17.57,0.0804,0.0287,0.1116,0.0803,0.1797,0.7589,0.1586,1.408,6.2079,11.86,0.005,0.15,0.001,0.013,0.017,0.4,0,0.77,0,0.007,0.003,0,0.001,0.01,0.15,0.1,1,1,0.6,2,0.07,1.32,0.1,0.2,0.1,0.9,0.1,0.2,0.04,0.02,0.1,0.1,0.02,0.04,0.5,0.1,0.02,0.01,0.5,0.2,0.5,0.5,0.5,0.5,2.13,0.5,0.5,0.53,0.5,0.5,0.5,0.5,0.5,0.5,0.5,0.5,0.5,0.5,0.5,2.1,0.2,"668",518.5
"24","Columbus",0.33,15.73,23.07,1.05,0,0,0,64.69,0.0981,0.0615,0.1055,0.357,0.2179,0.7679,0.6378,1.2713,3.9283,1.4,0.005,0.28,0.001,0.02,0.04,0.88,0,0.6,0.11,0.01,0.003,0,0.001,0.01,0.28,0.1,1,1,0.6,2,0.07,1.32,0.1,0.2,0.1,0.9,0.1,0.2,0.04,0.02,0.1,0.1,0.02,0.04,0.5,0.1,0.02,0.01,3.23,0.2,0.5,0.5,0.5,0.5,0.5,0.5,0.5,0.5,0.5,0.5,0.5,0.5,0.5,0.5,0.5,0.5,0.83,0.5,0.5,3,0.2,"329",416.2
"25","Craven",8.65,8.49,41.32,1.7,0,1,0,19.84,0.0908,0.0552,0.0859,0.4054,0.1962,0.6996,0.7245,1.0341,3.5299,0,0.005,0.31,0.001,0.015,0.04,0.5,0,1,0.06,0.01,0.003,0,0.001,0.01,0.31,0.1,1,1.67,0.6,2,0.07,1.71,0.1,0.2,0.1,0.9,0.1,0.2,0.04,0.02,2.42,0.1,0.02,0.04,0.5,0.1,0.02,0.01,0.5,0.2,0.5,0.5,0.5,0.5,0.5,0.5,0.5,0.5,0.5,0.5,0.5,0.5,0.5,0.5,0.5,0.5,0.5,0.6,0.5,3,0.2,"682",505.3
"26","Cumberland",6.89,3.67,60.15,8.07,0,0,0,8.54,0.0848,0.0279,0.0738,0.1773,0.2495,0.826,0.3253,1.2765,4.3151,2.87,0.006,0.22,0.001,0.011,0.031,0.47,0,1.43,0.1,0.008,0.003,0,0.001,0.01,0.22,0.1,1,1,0.6,2,0.07,1.27,0.1,0.2,0.1,0.9,0.1,0.2,0.04,0.025,0.1,0.1,0.02,0.04,0.5,0.1,0.021,0.01,1.81,0.2,0.5,0.5,0.5,0.5,1.93,0.5,0.5,0.65,0.5,0.5,0.53,0.5,0.5,0.5,0.5,1.27,0.8,0.5,0.5,5.45,0.2,"1,400",433.5
"27","Currituck",NA,0,17.26,0,33,10,0,25.09,0.1026,0.1176,0.1773,0.5085,0.1498,0.7603,0.8779,1.1935,3.7758,0.01,0.005,0.4,0.001,0.02,0.04,0.1,0,1.4,0.1,0.01,0.003,0,0.001,0.01,0.4,0.1,1,1,0.6,2,0.07,1.32,0.1,0.2,0.1,0.9,0.1,0.2,0.04,0.02,0.1,0.1,0.02,0.04,0.5,0.1,0.02,0.01,0.5,0.2,0.5,0.5,0.5,0.5,0.5,0.5,0.5,0.5,0.5,0.5,0.5,0.5,0.5,0.5,0.5,0.5,0.5,0.5,0.5,1.15,0.2,"70",192.5
"28","Dare",7.74,0,17.8,0,12,66,0,17.39,0.1133,0.1652,0.2034,0.6665,0.1548,0.6845,1.1013,1.0622,3.3794,0,0.005,0.38,0.001,0.017,0.029,0.46,0,1.22,0.07,0.01,0.003,0,0.001,0.01,0.38,0.1,1,1,0.6,2,0.07,1.32,0.1,0.2,0.1,0.9,0.1,0.2,0.04,0.02,0.1,0.1,0.02,0.04,0.5,0.1,0.02,0.01,0.5,0.2,0.5,0.5,0.5,0.5,0.5,0.5,0.5,0.5,0.5,0.5,0.5,0.5,0.5,0.5,0.5,0.5,0.5,0.5,0.5,2.05,0.2,"206",366
"29","Davidson",16.25,0,105.25,2.19,0,0,0,17.1,0.0922,0.0251,0.1127,0.101,0.2223,0.9347,0.2253,1.7277,5.6515,10,0.005,0.28,0.001,0.014,0.04,1.05,0,1.43,0,0.01,0.003,0,0.001,0.01,0.28,0.1,1,1.53,0.6,2,0.07,1.32,0.1,0.2,0.1,0.9,0.1,0.2,0.04,0.02,0.1,0.1,0.02,0.04,0.5,0.1,0.02,0.01,0.5,0.2,0.5,0.5,0.5,0.5,0.5,0.5,0.5,0.5,0.5,0.5,0.5,0.5,0.5,0.5,0.5,0.5,0.5,0.5,0.5,0,0.2,"1,107",492.9
"30","Davie",4.25,0,46.31,0,0,0,0,32.7,0.089,0.0239,0.1141,0.0902,0.2259,0.9162,0.2088,1.8058,6.7014,11.15,0.005,0.14,0.001,0.01,0.018,0.44,0,1.32,0,0.008,0.002,0,0.001,0.01,0.14,0.1,1,1.05,0.6,2,0.09,1.32,0.1,0.2,0.123,0.9,0.1,0.2,0.04,0.02,0.1,0.1,0.02,0.04,0.5,0.1,0.02,0.01,0.5,0.2,0.5,0.5,0.5,0.5,0.5,0.5,0.5,0.5,0.5,0.5,0.5,0.5,0.5,0.5,0.5,0.5,0.5,0.5,0.5,3,0.2,"297",482.8
"31","Duplin",2.14,131.62,31.04,0.57,0,0,0,40.2,0.0853,0.0391,0.0787,0.2573,0.2328,0.7436,0.4595,1.1415,3.763,0.01,0.005,0.16,0.001,0.015,0.042,0.15,0,0.93,0.07,0.009,0.003,0,0.001,0.01,0.16,0.1,1,1,0.6,2,0.07,1.96,0.1,0.2,0.1,0.9,0.1,0.2,0.04,0.02,0.1,0.1,0.02,0.23,0.5,0.1,0.02,0.01,0.5,0.2,0.5,0.5,0.5,0.5,0.5,0.5,0.5,0.5,0.5,0.5,0.5,0.5,0.5,0.5,0.5,0.5,0.5,0.5,0.5,1.1,0.2,"298",376.5
"32","Durham",10.03,0,568.04,4.53,0,0,0,23.08,0.0798,0.0279,0.0843,0.1353,0.2414,0.8576,0.2596,1.3415,5.3121,6.07,0.005,0.2,0.001,0.013,0.031,0.49,0,1.02,0.09,0.008,0.003,0,0.001,0.01,0.2,0.1,1,1,0.6,2,0.07,1.32,0.1,0.2,0.1,0.9,0.1,0.2,0.04,0.02,0.1,0.1,0.02,0.04,0.5,0.1,0.02,0.01,11.46,0.2,0.5,1.23,0.5,0.5,0.5,0.5,0.5,0.5,0.5,0.5,0.5,0.5,0.5,0.5,0.5,0.5,2.9,0.5,0.5,4.07,0.2,"1,559",464.3
"33","Edgecombe",1.85,6.59,23.43,0,0,0,0,58.31,0.0865,0.0341,0.0872,0.1981,0.2173,0.7827,0.3626,1.2045,4.3231,0.84,0.005,0.25,0.001,0.016,0.04,0.72,0,1.64,0,0.01,0.003,0,0.001,0.01,0.25,0.1,1,2.07,0.6,2,0.07,1.32,0.1,0.2,0.1,0.9,0.12,0.2,0.04,0.02,0.1,0.1,0.02,0.04,0.5,0.1,0.02,0.01,0.6,0.2,0.5,0.5,0.5,0.5,0.5,0.5,0.5,0.5,0.5,0.5,0.5,0.5,0.5,0.5,0.5,0.5,0.5,0.5,0.5,3,0.2,"331",448.8
"34","Forsyth",6.66,0,254.77,7.36,0,0,0,21.97,0.0974,0.0263,0.1217,0.0854,0.2194,0.9425,0.1946,1.6814,6.5803,10.27,0.004,0.11,0.001,0.008,0.025,0.6,0,0.99,0.04,0.008,0.003,0,0.001,0.01,0.11,0.1,1,1,0.6,2,0.07,1.78,0.1,0.2,0.1,0.9,0.1,0.2,0.04,0.02,0.1,0.1,0.02,0.04,0.5,0.1,0.02,0.01,0.5,0.24,0.5,0.5,0.5,0.5,0.5,0.5,0.5,0.5,0.5,0.5,0.5,0.5,0.5,0.5,0.5,0.5,0.5,0.5,0.5,3.19,0.2,"2,226",481.7
"35","Franklin",1.62,0.81,30.75,0.81,0,0,0,76.46,0.0803,0.0254,0.0819,0.143,0.2341,0.8459,0.2807,1.321,5.0658,3.76,0.005,0.21,0.001,0.012,0.049,0.37,0,1.22,0.08,0.008,0.003,0,0.001,0.01,0.21,0.1,1,1.35,0.68,2,0.07,1.32,0.1,0.2,0.1,0.9,0.1,0.2,0.04,0.02,0.1,0.1,0.02,0.04,0.5,0.1,0.02,0.01,0.5,0.313,0.5,0.5,0.5,0.5,0.5,0.5,0.5,0.5,0.5,0.5,0.5,0.5,0.5,0.5,0.5,0.5,0.5,0.5,0.5,10.33,0.2,"444",508.5
"36","Gaston",10.64,0,323.98,27,0,0,0,34.54,0.0883,0.029,0.1205,0.0957,0.1899,0.8289,0.1979,1.5789,5.879,10.24,0.006,0.19,0.001,0.011,0.022,0.45,0,0.87,0.09,0.007,0.003,0,0.001,0.01,0.19,0.1,1,1.33,0.6,2,0.07,1.35,0.1,0.2,0.1,0.9,0.1,0.2,0.04,0.032,0.1,0.1,0.02,0.04,0.57,0.1,0.02,0.01,1.12,0.148,0.52,0.5,0.5,0.5,1.19,0.5,0.57,1.85,0.5,0.5,0.68,0.5,0.7,0.5,0.63,0.67,1.54,0.68,0.57,4.91,0.2,"1,353",491.4
"37","Gates",0.94,4.37,10.21,0,0,0,0,13.07,0.0975,0.0692,0.1372,0.2766,0.161,0.7416,0.4808,1.1463,3.8176,0.91,0,0,0,0,0,0,0,1,0,0,0,0,0,0.01,0,0.1,1,1,0.6,2,0.07,1.32,0.1,0.2,0.1,0.9,0.1,0.2,0.04,0.02,0.1,0.1,0.02,0.04,0.5,0.1,0.02,0.01,0.5,0.2,0.5,0.5,0.5,0.5,0.5,0.5,0.5,0.5,0.5,0.5,0.5,0.5,0.5,0.5,0.5,0.5,0.5,0.5,0.5,0,0.2,"37",203.6
"38","Graham",NA,0,15.38,0,0,0,0,55.39,0.0927,0.0213,0.0689,0.0666,0.1401,0.7212,0.1405,1.1983,5.0613,2.05,0.005,0.2,0.001,0.02,0.04,0.1,0,0.46,0.1,0.01,0.003,0,0.001,0,0.2,0,0,0,0,0,0,0,0,0,0,0,0,0,0,0,0,0,0,0,0.5,0,0,0,0.5,0,0.5,0.5,0.5,0.5,0.5,0.5,0.5,0.5,0.5,0.5,0.5,0.5,0.5,0.5,0.5,0.5,0.5,0.5,0.5,2.23,0,"63",466.3
"39","Granville",1.84,0.7,29.37,3.5,0,0,0,59.29,0.079,0.0258,0.0855,0.1237,0.2299,0.8638,0.2507,1.3591,5.3286,6.29,0.004,0.31,0.001,0.012,0.081,0.19,0,0.75,0.03,0.007,0.002,0,0.001,0.01,0.31,0.1,1,1,0.6,2,0.07,1.32,0.1,0.2,0.1,0.9,0.1,0.2,0.04,0.02,0.1,0.1,0.02,0.04,0.5,0.1,0.02,0.04,0.5,0.2,0.5,0.5,0.5,0.5,0.5,0.5,0.5,0.5,0.5,0.5,0.5,0.5,0.5,0.5,0.5,0.5,0.5,0.5,0.5,0,0.2,"477",601.2
"40","Greene",6.3,74.62,13.43,0,0,0,0,15.58,0.0843,0.0352,0.0782,0.2309,0.2232,0.7682,0.4217,1.1721,3.7993,0,0.005,0.29,0.001,0.013,0.04,0.37,0,1,0,0.01,0.003,0,0.001,0.01,0.29,0.1,1,1,0.6,2,0.07,1.32,0.1,0.2,0.1,0.9,0.1,0.2,0.04,0.02,0.1,0.1,0.02,0.04,0.5,0.1,0.02,0.01,0.5,0.2,0.5,0.5,0.5,0.5,0.5,0.5,0.5,0.5,0.5,0.5,0.5,0.5,0.5,0.5,0.5,0.5,0.5,0.5,0.5,0.47,0.2,"118",428.5
"41","Guilford",10.93,1.33,178.86,10.01,0,0,0,29.13,0.0897,0.025,0.1081,0.093,0.2197,0.9306,0.2047,1.5621,6.0553,8.74,0.005,0.19,0.001,0.012,0.019,0.42,0,0.69,0.07,0.007,0.003,0,0.001,0.01,0.19,0.1,1,1,0.6,2,0.07,1.61,0.1,0.2,0.1,0.9,0.1,0.2,0.04,0.02,0.1,0.1,0.02,0.04,0.5,0.1,0.02,0.01,3.54,0.25,0.5,0.5,0.6,0.5,0.5,0.5,0.5,0.5,0.5,0.5,0.5,0.5,0.5,1,0.5,0.5,2.49,0.5,0.5,12.32,0.2,"3,134",505.2
"42","Halifax",0.69,5.2,22.37,3.64,0,0,0,16.78,0.0845,0.0301,0.0906,0.167,0.2177,0.8283,0.3214,1.2748,4.5301,2.38,0.005,0.07,0.001,0.005,0.031,0.1,0,0.96,0,0.009,0.003,0,0.001,0.01,0.07,0.1,1,1,0.6,2,0.07,1.32,0.1,0.22,0.1,0.9,0.1,0.2,0.04,0.02,0.1,0.1,0.02,0.04,0.5,0.1,0.02,0.01,0.5,0.2,0.5,0.5,0.5,0.5,0.5,0.5,0.5,0.5,0.5,0.5,0.5,0.5,0.63,0.5,0.5,0.5,0.5,0.5,0.5,0,0.2,"330",454.1
"43","Harnett",3.36,9.2,32.18,0,0,0,0,14.74,0.0801,0.0234,0.072,0.1488,0.2652,0.8536,0.2774,1.2964,4.3932,4.19,0.005,0.18,0.001,0.014,0.035,0.75,0,0.99,0,0.008,0.003,0,0.001,0.01,0.18,0.1,1,1,0.6,2,0.07,1.32,0.1,0.2,0.1,0.9,0.1,0.2,0.04,0.02,0.1,0.1,0.02,0.04,0.5,0.1,0.02,0.01,0.5,0.2,0.5,0.5,0.5,0.5,0.5,0.5,0.5,0.5,0.5,0.5,0.5,0.5,0.5,0.5,0.5,0.5,0.5,0.5,0.5,0,0.2,"658",482.6
"44","Haywood",3.81,0,47.02,3.56,0,0,0,35.66,0.0822,0.0144,0.0631,0.0526,0.1373,0.6662,0.1004,1.0608,5.627,6.25,0.016,0.21,0.002,0.023,0.025,0.45,0,0.8,0.1,0.012,0.003,0,0.001,0.01,0.21,0.1,1,1,0.6,2,0.07,1.32,0.1,0.2,0.1,0.9,0.1,0.2,0.04,0.02,0.1,0.1,0.02,0.04,0.5,0.1,0.02,0.01,0.5,0.2,0.5,0.5,0.5,0.5,0.5,0.5,0.5,0.5,0.5,0.5,0.5,0.5,0.5,0.5,0.5,0.5,0.5,0.5,0.5,0,0.2,"514",512.9
"45","Henderson",5.96,0.99,113.49,3.95,0,0,0,46.38,0.0841,0.0178,0.0759,0.0594,0.1321,0.6102,0.1092,1.0303,5.3843,10.79,0.006,0.12,0.001,0.017,0.014,0.38,0,1.14,0.1,0.012,0.003,0,0.001,0.01,0.12,0.1,1,1,0.6,2,0.07,1.32,0.1,0.2,0.1,0.9,0.1,0.2,0.04,0.02,0.1,0.1,0.02,0.04,0.5,0.1,0.02,0.01,0.5,0.2,0.5,0.6,0.5,0.5,0.5,0.5,0.5,0.5,0.5,0.5,0.5,0.5,0.57,0.5,0.5,0.5,0.5,0.5,0.5,1.45,0.2,"856",436.9
"46","Hertford",13,2.44,39.09,2.44,0,0,0,46.04,0.0904,0.0439,0.1061,0.2207,0.1701,0.7766,0.3962,1.1765,3.8669,1.11,0.005,0.25,0.001,0.015,0.04,0.71,0,1,0,0.01,0.004,0,0.001,0.01,0.25,0.1,1,1,0.6,2,0.07,1.32,0.1,0.2,0.1,0.9,0.1,0.2,0.04,0.02,0.1,0.1,0.02,0.04,0.5,0.1,0.02,0.01,0.81,0.2,0.5,0.5,0.5,0.5,0.5,0.5,0.5,0.5,0.5,0.5,0.5,0.5,0.5,0.6,0.5,0.5,0.5,0.5,0.5,1.5,0.2,"144",431.1
"47","Hoke",NA,6.2,8.26,0,0,0,0,15.5,0.0858,0.0251,0.0744,0.1614,0.2569,0.8736,0.2988,1.3195,4.3369,5.32,0.005,0.21,0.001,0.016,0.03,0.1,0,1.31,0.1,0.009,0.002,0,0.001,0.01,0.21,0.1,1,1,0.6,2,0.07,1.32,0.1,0.2,0.1,0.9,0.1,0.2,0.04,0.02,0.1,0.1,0.02,0.04,0.5,0.1,0.025,0.01,0.5,0.2,0.5,0.5,0.5,0.5,0.5,0.5,0.5,0.5,0.5,0.5,0.5,0.5,0.5,0.5,0.5,0.5,0.5,0.5,0.5,3,0.2,"226",449.5
"48","Hyde",2.87,0.46,7.43,0,0,6,0,5.67,0.106,0.1155,0.1505,0.5302,0.1669,0.6469,0.8823,0.9712,3.3742,0,0,0,0,0,0,0,0,1,0.1,0,0,0,0,0.01,0,0.1,1,1,0.6,2,0.07,1.46,0.1,0.2,0.1,0.9,0.1,0.2,0.04,0.02,0.1,0.1,0.02,0.04,0.5,0.1,0.02,0.01,0.5,0.2,0.5,0.5,0.5,0.5,0.5,0.5,0.5,0.5,0.5,0.5,0.5,0.5,0.5,0.5,0.5,0.5,0.5,0.5,0.5,0,0.2,"28",341.5
"49","Iredell",0.9,2.08,78.91,1.38,0,0,0,46.32,0.0927,0.0241,0.1179,0.0857,0.2128,0.9099,0.1947,1.7698,6.7739,10.89,0.005,0.22,0.001,0.015,0.027,0.47,0,0.79,0.05,0.014,0.003,0,0.001,0.01,0.22,0.1,1,1.38,0.6,2,0.07,1.61,0.1,0.2,0.1,0.9,0.1,0.2,0.04,0.02,0.43,0.1,0.02,0.07,0.5,0.1,0.02,0.01,0.89,0.2,0.5,0.5,0.5,0.5,0.5,0.5,0.5,0.5,0.5,0.5,0.5,0.5,0.5,0.55,0.5,0.5,0.55,0.5,0.5,5.75,0.2,"1,018",461
"50","Jackson",NA,0,38.08,0.95,0,0,0,48.07,0.0822,0.0148,0.064,0.0623,0.1362,0.6569,0.1169,1.0074,5.2579,6.41,0.006,0.13,0.002,0.016,0.031,0.13,0,0.91,0.05,0.012,0.003,0,0.001,0.01,0.13,0.1,1,1,0.63,2,0.07,1.32,0.1,0.2,0.1,0.9,0.1,0.2,0.04,0.02,0.1,0.1,0.02,0.04,0.71,0.1,0.02,0.01,1.17,0.2,0.5,0.5,0.5,0.5,0.5,0.5,0.71,0.5,0.5,0.5,0.5,0.5,0.5,0.5,0.5,0.5,0.5,0.5,0.71,2.64,0.2,"220",386.1
"51","Johnston",3.83,12.21,48.29,0,0,0,0,54.42,0.0786,0.0241,0.0685,0.1625,0.2529,0.8252,0.3019,1.2433,4.2565,2.55,0.005,0.33,0.001,0.016,0.023,0.57,0,1.48,0.1,0.009,0.003,0,0.001,0.01,0.33,0.1,1,1,0.6,2,0.07,1.32,0.1,0.2,0.1,0.9,0.1,0.2,0.04,0.02,0.1,0.1,0.02,0.04,0.5,0.1,0.02,0.01,0.87,0.2,0.93,0.5,0.5,0.5,0.5,0.5,0.5,0.5,0.5,0.67,0.5,0.5,0.5,0.5,0.5,2.2,0.6,0.5,0.5,4.56,0.2,"1,097",492.8
"52","Jones",1.95,14.44,3.61,0,0,0,0,6.29,0.0883,0.0489,0.0796,0.3496,0.2016,0.7137,0.6276,1.071,3.6166,0,0.005,0.4,0.001,0.02,0.04,0.79,0,1,0,0.01,0.003,0,0.001,0.01,0.4,0.1,1,2.13,0.6,2,0.07,1.32,0.1,0.2,0.1,0.9,0.1,0.2,0.04,0.02,0.2,0.1,0.02,0.04,0.5,0.1,0.02,0.01,0.7,0.2,0.5,0.5,0.5,0.5,0.5,0.5,0.5,0.5,0.5,0.5,0.5,0.5,0.5,0.5,0.5,0.5,0.5,0.5,0.5,3,0.2,"73",477.9
"53","Lee",NA,0,65.6,4.1,0,0,0,27.32,0.0799,0.0239,0.0769,0.1399,0.2659,0.8963,0.2671,1.3707,4.605,5.3,0.005,0.46,0.001,0.012,0.031,0.42,0,0.88,0,0.009,0.003,0,0.001,0.01,0.46,0.1,1,1,1.5,2,0.07,1.32,0.1,0.2,0.1,0.9,0.1,0.2,0.04,0.02,0.1,0.1,0.02,0.04,0.5,0.1,0.02,0.01,0.5,0.2,0.5,0.5,0.5,0.5,0.5,0.5,0.5,0.5,0.5,0.5,0.5,0.5,0.5,0.5,0.5,0.5,0.5,0.5,0.5,4.22,0.2,"322",421.4
"54","Lenoir",7.65,65.97,50.45,0,0,0,0,10.13,0.0849,0.0393,0.0758,0.2655,0.2198,0.7477,0.4802,1.1392,3.7546,0,0.005,0.22,0.001,0.014,0.04,0.17,0,0.52,0.06,0.01,0.003,0,0.001,0.01,0.22,0.1,1,1,0.6,2,0.07,1.61,0.1,0.2,0.1,0.9,0.1,0.2,0.04,0.02,0.1,0.1,0.02,0.04,0.5,0.1,0.02,0.01,1.54,0.2,0.5,0.5,0.5,0.74,0.5,0.5,0.5,0.5,0.5,0.5,0.5,0.5,0.5,0.5,0.5,0.5,0.65,0.5,0.5,1.58,0.2,"427",539.6
"55","Lincoln",2.06,0,78.98,0,0,0,0,59.54,0.0878,0.0264,0.1173,0.0861,0.1906,0.8267,0.1816,1.5887,6.1072,12.11,0.005,0.22,0.001,0.01,0.021,0.48,0,0.81,0.09,0.007,0.002,0,0.001,0.01,0.22,0.1,1,1,0.6,2,0.07,1.32,0.1,0.2,0.1,0.9,0.1,0.2,0.04,0.02,0.1,0.1,0.02,0.04,0.5,0.1,0.02,0.01,0.65,0.2,0.5,0.5,0.5,0.5,0.5,0.5,0.5,0.5,0.5,0.5,0.5,0.5,0.5,0.5,0.5,0.5,0.5,0.5,0.5,1.53,0.2,"568",502.7
"56","McDowell",1.99,0,58.44,0.91,0,0,0,71.86,0.0799,0.0136,0.0708,0.052,0.1672,0.7132,0.102,1.2013,6.4976,12.52,0.017,0.16,0.001,0.013,0.014,0.14,0,1.01,0.07,0.009,0.003,0,0.001,0.01,0.16,0.1,1,1,0.6,2,0.07,1.32,0.1,0.2,0.1,0.9,0.1,0.2,0.04,0.02,0.1,0.1,0.02,0.04,0.5,0.1,0.02,0.01,0.5,0.2,0.5,0.5,0.5,0.5,0.5,0.5,0.5,0.5,0.5,0.5,0.5,0.5,0.5,0.5,0.5,0.5,0.5,0.5,0.5,1.27,0.2,"344",523.6
"57","Macon",0.63,0,47.06,0,0,0,0,59.58,0.0786,0.0126,0.0514,0.0715,0.1392,0.6613,0.1364,1.0021,5.1308,4.46,0.005,0.25,0.001,0.02,0.04,0.1,0,0.86,0.1,0.01,0.003,0,0.001,0.01,0.25,0.1,1,1,0.6,2,0.07,2.08,0.1,0.2,0.1,0.9,0.1,0.2,0.04,0.02,0.1,0.1,0.02,0.04,0.5,0.1,0.02,0.01,0.64,0.2,0.55,0.5,0.5,0.5,0.5,0.5,0.5,0.5,0.5,0.5,0.5,0.5,0.5,0.5,0.5,0.91,0.5,0.5,0.5,3,0.2,"288",452
"58","Madison",0.59,0,16.96,0,0,0,0,74.39,0.0842,0.0119,0.0579,0.044,0.1397,0.6981,0.0885,1.1474,5.9249,6.23,0.005,0.01,0.001,0.02,0.04,0.1,0,1.04,0.08,0.01,0.003,0,0.001,0.01,0.01,0.1,1,1,0.6,2,0.07,1.32,0.1,0.2,0.1,0.9,0.1,0.2,0.04,0.02,0.1,0.1,0.02,0.04,0.5,0.1,0.02,0.01,0.5,0.2,0.5,0.5,0.5,0.5,0.5,0.5,0.5,0.5,0.5,0.5,0.5,0.5,0.5,0.5,0.5,0.5,0.5,0.5,0.5,3,0.2,"145",435.7
"59","Martin",0.44,0,33.16,2.07,0,0,0,53.04,0.0906,0.0392,0.0912,0.2494,0.2025,0.7511,0.4478,1.1298,3.7462,0.08,0.006,0.26,0.001,0.018,0.027,0.94,0,1,0.07,0.01,0.003,0,0.001,0.01,0.26,0.1,1,1.4,0.6,2,0.07,1.61,0.1,0.2,0.1,0.9,0.1,0.2,0.04,0.02,0.64,0.1,0.02,0.04,0.5,0.1,0.02,0.01,2.58,0.2,0.5,0.5,0.5,0.5,0.5,0.5,0.5,0.5,0.5,0.5,0.5,0.5,0.5,0.5,0.5,0.5,0.7,0.5,0.5,3,0.2,"187",518.6
"60","Mecklenburg Count",21.18,0,333.55,38.12,0,0,0,4.21,0.0894,0.0287,0.1181,0.1104,0.1967,0.8776,0.2331,1.6772,5.4014,9,0.005,0.16,0.001,0.009,0.02,0.47,0,1.12,0.09,0.008,0.002,0,0.001,0.01,0.16,0.1,1,4,0.6,2,0.07,1.61,0.1,0.2,0.1,0.9,0.1,0.2,0.04,0.02,0.1,0.1,0.02,0.04,0.5,0.1,0.02,0.01,2.87,0.2,0.5,0.5,0.5,0.5,0.5,0.5,0.5,0.5,0.5,0.5,0.59,0.5,0.6,0.5,0.53,0.5,1.58,0.5,0.5,3.33,0.2,NA,NA
"61","Mitchell",0.32,0,55.97,3.5,0,0,0,65.41,0.0827,0.0137,0.0697,0.047,0.1663,0.737,0.0933,1.2164,6.7321,10.11,0.005,0.04,0.001,0.01,0.005,0.1,0,1.02,0.1,0.005,0.003,0,0.001,0.01,0.04,0.1,1,1,0.6,2,0.07,1.32,0.1,0.2,0.1,0.9,0.1,0.2,0.04,0.02,0.1,0.1,0.02,0.04,0.5,0.1,0.02,0.01,0.5,0.2,0.5,0.5,0.5,0.5,0.5,0.5,0.5,0.5,0.5,0.5,0.5,0.5,0.5,0.5,0.5,0.5,0.5,0.5,0.5,3,0.2,"107",428.5
"62","Montgomery",0.64,0.89,29.48,1.79,0,0,0,32.41,0.0896,0.0287,0.0995,0.1337,0.2515,0.9181,0.2662,1.558,5.1989,7.52,0.005,0.1,0.001,0.005,0.04,0.66,0,1.12,0.02,0.01,0.003,0,0.001,0.01,0.1,0.1,1,4.53,0.6,2,0.07,1.32,0.1,0.2,0.1,0.9,0.1,0.2,0.04,0.02,0.25,0.1,0.02,0.04,0.5,0.1,0.02,0.01,0.5,0.2,0.5,0.5,0.5,0.5,0.5,0.5,0.5,0.5,0.5,0.5,0.5,0.5,0.5,0.5,0.5,0.5,0.5,0.5,0.5,0,0.2,"187",485.4
"63","Moore",0.33,2.59,20.75,0,0,0,0,42.81,0.087,0.0252,0.0818,0.138,0.2563,0.8943,0.2625,1.4118,4.6982,6.12,0.005,0.23,0.001,0.015,0.029,0.45,0,1.25,0.08,0.008,0.003,0,0.001,0.01,0.23,0.1,1,1.1,0.6,2,0.07,1.45,0.1,0.2,0.1,0.9,0.1,0.39,0.04,0.02,0.1,0.1,0.02,0.04,0.5,0.1,0.02,0.01,0.5,0.2,0.5,0.5,0.5,0.5,0.5,0.5,0.5,0.5,0.5,0.8,0.5,0.5,1.27,0.5,0.5,0.5,0.5,0.5,0.5,4.47,0.2,"767",496.9
"64","Nash",0.04,15.3,67.02,3.64,0,0,0,13.74,0.0808,0.0269,0.08,0.1623,0.2305,0.8308,0.3125,1.2793,4.4816,2.85,0.006,0.1,0.001,0.011,0.019,0.31,0,0.99,0.08,0.006,0.003,0,0.001,0.01,0.1,0.1,1,1,0.6,2,0.07,1.32,0.1,0.2,0.1,0.9,0.1,0.43,0.04,0.02,0.1,0.1,0.02,0.04,0.5,0.1,0.02,0.01,0.75,0.223,0.5,0.5,0.5,0.5,0.92,0.5,0.5,0.5,0.5,0.6,0.68,0.5,0.77,0.53,0.5,0.5,0.5,0.5,0.5,1.63,0.2,"484",388
"65","New Hanover Count",4.53,0,326.04,35.25,31,9,0,20.51,0.1031,0.0875,0.1245,0.4446,0.2018,0.69,0.767,1.1244,3.6684,0,0.005,0.27,0.001,0.012,0.038,0.12,0,0.69,0.07,0.009,0.003,0,0.001,0.01,0.27,0.1,1,1.48,0.6,2,0.07,2.08,0.1,0.2,0.1,0.9,0.1,0.2,0.04,0.02,0.1,0.1,0.02,0.05,0.5,0.1,0.02,0.01,2.98,0.2,0.5,0.5,0.5,0.55,0.5,0.5,0.5,0.5,0.5,0.5,0.5,0.5,0.5,0.5,0.5,0.5,1.6,0.5,0.5,2.79,0.2,NA,NA
"66","Northampton Count",4.38,7.68,16.12,2.3,0,0,0,43.54,0.0858,0.0333,0.097,0.1767,0.1969,0.8217,0.3345,1.2547,4.2148,1.83,0.005,0.17,0.001,0.01,0.023,0.67,0,3.83,0.1,0.01,0.003,0,0.001,0.01,0.17,0.1,1,1,0.6,2,0.07,1.32,0.1,0.2,0.1,0.9,0.1,0.2,0.04,0.02,0.1,0.1,0.02,0.04,0.5,0.1,0.02,0.01,0.5,0.2,0.5,0.5,0.5,0.5,0.5,0.5,0.5,0.5,0.83,0.5,0.5,0.5,0.5,0.5,0.5,0.5,0.5,0.5,0.5,2,0.2,NA,NA
"67","Onslow",20.26,20.59,55.88,2.21,0,3,0,26.85,0.0908,0.0576,0.0873,0.3767,0.1978,0.6977,0.664,1.0514,3.6056,0,0.005,0.34,0.001,0.015,0.034,0.92,0,0.6,0.1,0.009,0.003,0,0.001,0.01,0.34,0.1,1,3.28,0.6,2,0.07,2.14,0.1,0.2,0.1,0.9,0.1,0.2,0.04,0.02,0.1,0.1,0.02,0.04,0.5,0.1,0.02,0.01,0.5,0.2,0.5,0.5,0.5,0.5,0.5,0.5,0.5,0.5,0.5,0.5,0.5,0.5,0.5,0.5,0.5,0.5,0.5,0.5,0.5,2,0.2,"880",583.5
"68","Orange",1.8,1.11,168.11,5.57,0,0,0,20.33,0.0821,0.0285,0.095,0.1275,0.2577,0.9041,0.2553,1.4549,5.3299,6.35,0.005,0.18,0.001,0.013,0.018,0.44,0,0.82,0.06,0.005,0.003,0,0.001,0.01,0.18,0.1,1,1,0.65,2,0.07,1.32,0.1,0.2,0.1,0.9,0.1,0.2,0.04,0.02,0.1,0.1,0.02,0.04,0.5,0.1,0.02,0.01,0.69,0.2,0.5,0.5,0.5,0.5,0.5,0.5,0.5,0.5,0.5,0.5,0.5,0.5,0.5,0.5,0.5,0.5,0.5,0.5,0.5,2.31,0.2,"751",473.5
"69","Pamlico",3.17,0,24.08,0,0,64,0,27.11,0.0961,0.0699,0.0968,0.5173,0.1819,0.6661,0.916,0.9722,3.4366,0,0.005,0.18,0.001,0.009,0.04,0.43,0,1.29,0,0.01,0.003,0,0.001,0.01,0.18,0.1,1,1.86,0.6,2,0.07,1.32,0.1,0.2,0.1,0.9,0.1,0.2,0.04,0.02,0.1,0.1,0.02,0.18,0.5,0.1,0.02,0.01,0.5,0.2,0.5,0.5,0.5,0.5,0.5,0.5,0.5,0.5,0.5,0.5,0.5,0.5,0.5,0.5,0.5,0.5,0.5,0.5,0.5,3,0.2,"111",458.7
"70","Pasquotank",7.44,0,56.29,4.02,0,0,0,19.21,0.1007,0.0967,0.1564,0.4367,0.1583,0.7592,0.7563,1.164,3.6881,0.07,0.005,0.01,0.001,0.005,0.034,0.98,0,0.55,0.12,0.005,0.001,0,0.001,0.01,0.01,0.1,1,1,0.6,2,0.07,1.32,0.1,0.2,0.1,0.9,0.1,0.2,0.04,0.02,0.1,0.1,0.02,0.04,0.5,0.1,0.02,0.01,0.5,0.2,0.5,0.5,0.5,0.5,0.5,0.5,0.5,0.5,0.5,0.5,0.5,0.5,0.5,0.5,0.5,0.5,0.5,0.5,0.5,0,0.2,"177",351.8
"71","Pender",5.96,20.32,18.35,0,0,0,0,71.5,0.0903,0.0617,0.1009,0.3175,0.2177,0.7194,0.5464,1.11,3.6825,0,0.005,0.14,0.001,0.009,0.047,0.11,0,0.45,0.05,0.007,0.003,0,0.001,0.01,0.14,0.1,1,1,0.6,2,0.07,7.36,0.1,0.2,0.1,0.9,0.1,0.2,0.04,0.02,0.15,0.1,0.02,0.04,0.5,0.1,0.02,0.01,6.25,0.2,0.5,0.5,0.5,0.5,0.5,0.5,0.5,0.5,0.5,0.5,0.5,0.5,0.5,0.5,0.5,0.5,1.1,0.5,0.5,3,0.2,"358",432.4
"72","Perquimans",5.58,1.53,13.75,0,0,0,0,8.93,0.1015,0.0893,0.1508,0.3497,0.1611,0.7098,0.5914,1.0879,3.6781,0.02,0.005,0.1,0.001,0.005,0.04,0.21,0,1.21,0,0.01,0.003,0,0.001,0.01,0.1,0.1,1,1.7,0.6,2,0.07,1.32,0.1,0.2,0.1,0.9,0.1,0.2,0.04,0.02,0.1,0.1,0.02,0.14,0.5,0.1,0.02,0.01,0.65,0.2,0.5,0.5,0.5,0.5,0.5,0.5,0.5,0.5,0.5,0.5,0.5,0.5,0.5,0.5,0.5,0.5,0.5,0.5,0.5,0,0.2,"76",328.4
"73","Person",1.88,1.07,73.83,1.07,0,0,0,72.12,0.0782,0.0287,0.0879,0.1153,0.224,0.8821,0.2338,1.3702,5.6692,7.23,0.005,0.21,0.001,0.013,0.017,0.33,0,0.48,0.05,0.005,0.004,0,0.001,0.01,0.21,0.1,1,1,0.6,2,0.07,1.32,0.1,0.2,0.1,0.9,0.1,0.2,0.04,0.02,0.1,0.1,0.02,0.04,0.5,0.1,0.02,0.01,1.49,0.2,0.5,0.5,0.5,0.5,0.5,0.5,0.5,0.5,0.5,0.5,0.5,0.5,0.5,0.5,0.5,0.5,0.65,0.9,0.5,3,0.2,"284",511.5
"74","Pitt",9.13,23.14,41.21,3.39,0,0,0,14.57,0.0867,0.0388,0.0823,0.2555,0.2114,0.7569,0.4633,1.1414,3.7012,0,0.005,0.4,0.001,0.02,0.04,0.99,0,1,0.01,0.01,0.003,0,0.001,0.01,0.4,0.1,1,1.72,0.6,2,0.07,1.58,0.1,0.2,0.1,0.9,0.1,0.2,0.04,0.02,0.83,0.1,0.02,0.04,0.5,0.1,0.02,0.01,0.5,0.2,0.5,0.5,0.5,0.5,0.5,0.5,0.5,0.5,0.5,0.5,0.5,0.5,0.5,0.5,0.5,0.5,0.5,0.5,0.5,0.23,0.2,"821",441.2
"75","Polk",NA,0,40.12,0,0,0,0,63.36,0.0818,0.0202,0.0854,0.0654,0.1634,0.6897,0.1235,1.1683,6.2301,12.06,0.009,0.02,0.001,0.009,0.012,0.12,0,0.8,0.08,0.018,0.003,0,0.001,0.01,0.02,0.1,1,1,0.6,2,0.07,1.32,0.1,0.2,0.1,0.9,0.1,0.2,0.04,0.02,0.1,0.1,0.02,0.04,0.5,0.1,0.02,0.01,0.5,0.2,0.5,0.5,0.5,0.5,0.5,0.5,0.5,0.5,0.5,0.5,0.5,0.5,0.5,0.5,0.5,0.5,0.5,0.5,0.5,0,0.2,"176",486.8
"76","Randolph",1.88,2.67,45.01,2.67,0,0,0,49.87,0.091,0.028,0.107,0.1131,0.2559,0.9157,0.2347,1.5666,5.5015,7.69,0.004,0.1,0.001,0.012,0.011,0.46,0,0.95,0.11,0.006,0.003,0,0.001,0.01,0.1,0.1,1,1,0.6,2,0.07,1.32,0.1,0.2,0.1,0.9,0.1,0.2,0.04,0.02,0.1,0.1,0.02,0.04,0.5,0.1,0.02,0.01,10.2,0.2,0.5,0.5,0.5,0.5,0.67,0.5,0.5,1.1,0.5,0.5,0.5,0.5,0.5,0.5,0.5,0.57,1.47,0.5,0.5,2.57,0.2,"961",501
"77","Richmond",4.7,5.28,27.29,1.76,0,0,0,21.4,0.0857,0.0252,0.0821,0.1442,0.2484,0.9085,0.2752,1.4312,4.5676,7.31,0.005,0.16,0.001,0.011,0.027,0.51,0,1.33,0.08,0.008,0.002,0,0.001,0.01,0.16,0.1,1,1.78,0.6,2,0.07,1.32,0.1,0.2,0.113,0.9,0.1,0.2,0.04,0.02,0.17,0.1,0.02,0.04,0.5,0.1,0.02,0.04,0.5,0.2,0.5,0.5,0.5,0.5,0.5,0.5,0.5,0.5,0.5,0.5,0.5,0.5,0.5,0.5,0.5,0.5,0.5,0.5,0.5,3,0.2,"286",485.7
"78","Robeson",NA,15.8,33.8,2.19,0,0,0,24.29,0.089,0.0352,0.0835,0.2228,0.228,0.8231,0.409,1.3177,4.1331,4.4,0.005,0.17,0.001,0.011,0.018,0.66,0,0.78,0.1,0.005,0.002,0,0.001,0.01,0.17,0.1,1,1,0.6,2,0.07,1.51,0.1,0.2,0.1,0.9,0.1,0.2,0.04,0.02,0.1,0.1,0.02,0.04,0.5,0.1,0.02,0.15,0.98,0.2,0.5,0.5,0.5,0.5,0.5,0.5,0.5,0.5,0.5,0.7,0.5,0.5,0.5,0.5,0.5,0.5,0.6,0.5,0.5,2.25,0.2,"663",430
"79","Rockingham",7.05,0,145.89,1.79,0,0,0,45.78,0.0911,0.0252,0.1139,0.0802,0.2142,0.9207,0.1812,1.5252,6.5661,8.72,0.005,0.14,0.001,0.012,0.016,0.73,0,0.7,0.16,0.007,0.003,0,0.001,0.01,0.14,0.1,1,1,0.6,2,0.07,1.32,0.1,0.2,0.1,0.9,0.1,0.2,0.04,0.02,0.1,0.1,0.02,0.04,0.5,0.1,0.02,0.01,0.87,0.2,0.5,0.5,0.5,0.5,0.5,0.5,0.5,0.5,0.5,0.5,0.5,0.5,1.17,0.5,0.5,0.5,0.5,0.5,0.5,1.73,0.2,"624",461.3
"80","Rowan",14.28,0,94.01,4.95,0,0,0,38.15,0.0875,0.023,0.1053,0.1034,0.2548,0.9481,0.2357,1.8544,5.4033,11.01,0.004,0.26,0.001,0.013,0.038,0.3,0,1.05,0.05,0.011,0.002,0,0.002,0.01,0.26,0.1,1,2.42,0.6,2,0.07,1.32,0.1,0.2,0.1,0.9,0.1,0.2,0.04,0.02,0.1,0.1,0.02,0.04,0.5,0.1,0.02,0.01,0.62,0.273,0.5,0.5,0.5,0.5,0.5,0.5,0.5,0.5,0.6,0.5,0.5,0.5,1.06,0.5,0.5,0.5,0.53,0.5,0.5,2.5,0.2,"960",517.1
"81","Rutherford",1.24,0,64.31,0,0,0,0,48.48,0.0842,0.0215,0.0923,0.0665,0.1685,0.7156,0.1282,1.2576,6.8483,12.94,0.005,0.21,0.001,0.018,0.03,0.6,0,0.62,0.1,0.01,0.003,0,0.001,0.01,0.21,0.1,1,1,0.6,2,0.07,1.32,0.1,0.2,0.1,0.9,0.1,0.2,0.04,0.02,0.1,0.1,0.02,0.04,0.5,0.1,0.02,0.01,16.96,0.2,0.5,0.5,0.5,0.5,0.5,0.5,0.5,0.5,0.5,0.5,0.5,0.5,0.5,0.5,0.5,0.64,2.36,0.5,0.5,1.5,0.2,"464",454.1
"82","Sampson",9.35,115.9,21.76,0.51,0,0,0,63.7,0.0784,0.027,0.0614,0.1947,0.3128,0.7965,0.3536,1.2007,4.1052,0.94,0.005,0.4,0.001,0.02,0.04,0.53,0,2.04,0.09,0.01,0.003,0,0.001,0.01,0.4,0.1,1,1,0.6,2,0.07,3.95,0.1,0.2,0.1,0.9,0.1,0.2,0.04,0.02,0.52,0.1,0.02,0.04,0.5,0.1,0.02,0.01,0.5,0.2,0.5,0.5,0.5,0.5,0.5,0.5,0.5,0.5,0.5,0.5,0.5,0.5,0.5,0.5,0.5,0.5,0.5,0.5,0.5,3,0.2,"388",468.4
"83","Scotland",NA,11.21,48.59,0,0,0,0,31.02,0.0875,0.0254,0.0727,0.166,0.2465,0.8851,0.3072,1.3422,4.3712,6.35,0.005,0.4,0.001,0.02,0.04,0.1,0,1.73,0.01,0.01,0.003,0,0.001,0,0.4,0,0,0,0,0,0,0,0,0,0,0,0,0,0,0,0,0,0,0,0.5,0,0,0,0.5,0,0.5,0.5,0.5,0.5,0.5,0.5,0.5,0.5,0.5,0.5,0.5,0.5,0.5,0.5,0.5,0.5,0.5,0.5,0.5,0,0,"184",412.7
"84","Stanly",11.29,2.83,75.03,2.83,0,0,0,46.05,0.0957,0.0304,0.1204,0.1272,0.2469,0.9267,0.2644,1.6738,5.1954,7.87,0.004,0.23,0.001,0.012,0.024,0.26,0.001,1.49,0.1,0.007,0.003,0,0.001,0.01,0.23,0.1,1,2.11,0.6,2,0.07,1.32,0.1,0.2,0.12,0.9,0.1,0.2,0.04,0.02,0.17,0.1,0.02,0.04,0.5,0.1,0.02,0.01,0.5,0.2,0.5,0.5,0.5,0.5,0.5,0.5,0.5,0.5,0.5,0.5,0.5,0.5,0.5,0.5,0.5,0.5,0.5,0.5,0.5,2.25,0.2,"410",491.6
"85","Stokes",1.28,0,30.45,0,0,0,0,55.14,0.0987,0.0272,0.1242,0.0746,0.2136,0.9286,0.1714,1.6085,6.5949,8.92,0.006,0.1,0.001,0.011,0.008,0.63,0.005,0.59,0.07,0.005,0.003,0,0.001,0.01,0.1,0.1,1,1,0.6,2,0.07,1.32,0.1,0.2,0.1,0.9,0.1,0.2,0.04,0.02,0.1,0.1,0.02,0.04,0.5,0.1,0.02,0.04,0.6,0.2,0.5,0.5,0.5,0.5,0.5,0.5,0.5,0.5,0.5,0.5,0.5,0.5,1.2,0.5,0.5,0.5,0.5,0.5,0.5,2.46,0.2,"311",450.5
"86","Surry",1.47,0.64,52.97,1.28,0,0,0,71.35,0.0995,0.027,0.1268,0.0674,0.1938,0.9074,0.1564,1.6285,6.7498,8.49,0.005,0.1,0.001,0.01,0.019,0.45,0,0.53,0.12,0.007,0.003,0,0.001,0.01,0.1,0.1,1,1,0.6,2,0.07,1.32,0.1,0.2,0.1,0.9,0.11,0.2,0.04,0.02,0.1,0.1,0.02,0.04,0.5,0.1,0.02,0.01,1.43,0.2,0.5,0.5,0.5,0.5,0.5,0.5,0.5,0.5,0.5,0.5,0.5,0.5,0.5,0.5,0.5,0.5,0.62,0.5,0.5,3.38,0.2,"513",489.3
"87","Swain",0.27,0,21.16,0,0,0,0,76.61,0.0853,0.0136,0.0576,0.0515,0.1422,0.7182,0.1031,1.0786,5.5412,3.07,0.007,0.21,0.001,0.015,0.027,0.14,0,0.54,0.1,0.013,0.003,0,0.001,0,0.21,0,0,0,0,0,0,0,0,0,0,0,0,0,0,0,0,0,0,0,0.5,0,0,0,0.5,0,0.5,0.5,0.5,0.5,0.5,0.5,0.5,0.5,0.5,0.5,0.5,0.5,0.5,0.5,0.5,0.5,0.5,0.5,0.5,3,0,"96",496.9
"88","Transylvania Coun",0.29,0,57.1,0,0,0,0,57.59,0.0836,0.0194,0.0775,0.0657,0.1318,0.6129,0.1188,0.9939,5.4461,9.5,0.005,0.2,0.001,0.016,0.03,0.39,0,0.75,0.1,0.01,0.003,0,0.001,0.01,0.2,0.1,1,1,0.6,2,0.07,1.32,0.1,0.2,0.1,0.9,0.1,0.2,0.04,0.02,0.1,0.1,0.02,0.04,0.5,0.1,0.02,0.01,0.5,0.2,0.5,0.5,0.5,0.5,0.5,0.5,0.5,0.5,0.5,0.5,0.5,0.5,0.5,0.5,0.5,0.5,0.5,0.5,0.5,2.87,0.2,NA,NA
"89","Tyrrell",1.4,1.81,13.56,0,0,0,0,8.75,0.1079,0.1189,0.1634,0.4766,0.1569,0.6619,0.7863,1.0099,3.4929,0,0,0,0,0,0,0,0,1.27,0.1,0,0,0,0,0.01,0,0.1,1,1,0.6,2,0.07,1.32,0.1,0.2,0.1,0.9,0.1,0.2,0.04,0.02,0.1,0.1,0.02,0.04,0.5,0.1,0.02,0.01,1.3,0.2,0.5,0.5,0.5,0.5,0.5,0.5,0.5,0.5,0.5,0.5,0.5,0.5,0.5,0.5,0.5,0.5,0.5,0.5,0.5,3.01,0.2,"29",510.4
"90","Union",15.5,2.77,51.26,5.54,0,0,0,35.13,0.0861,0.0316,0.1115,0.1282,0.2081,0.8816,0.2616,1.6057,4.8797,8.18,0.005,0.14,0.001,0.02,0.021,0.55,0,1.67,0.1,0.01,0.003,0,0.001,0.01,0.14,0.1,1,1,0.6,2,0.07,1.32,0.1,0.2,0.1,0.9,0.1,0.2,0.04,0.02,0.1,0.1,0.02,0.04,0.5,0.1,0.02,0.01,0.5,0.2,0.5,0.5,0.5,0.5,0.5,0.5,0.5,0.5,0.5,0.5,0.5,0.5,0.5,0.5,0.5,0.5,0.5,0.5,0.5,0,0.2,"1,222",482.1
"91","Vance",1.72,0,77.07,3.35,0,0,0,55.53,0.078,0.0249,0.0821,0.1292,0.231,0.8751,0.2653,1.3693,5.3025,5.5,0.005,0.14,0.001,0.009,0.009,0.78,0,0.95,0.06,0.005,0.002,0,0.001,0.01,0.14,0.1,1,1,0.6,2,0.07,1.32,0.1,0.2,0.1,0.9,0.1,0.2,0.04,0.02,0.1,0.1,0.02,0.04,0.5,0.1,0.02,0.01,0.5,0.2,0.5,0.5,0.5,0.5,0.5,0.5,0.5,0.5,0.5,0.5,0.5,0.5,0.5,0.5,0.5,0.5,0.5,0.5,0.5,3.84,0.2,"282",474.6
"92","Wake",8.33,1.83,132.57,8.26,0,0,0,14.45,0.0715,0.019,0.0531,0.1283,0.2777,0.8668,0.2454,1.2923,5.1605,4.48,0.006,0.22,0.001,0.014,0.039,0.2,0,1.26,0.07,0.01,0.004,0,0.001,0.01,0.22,0.1,1.74,3.61,0.6,2,0.07,1.6,0.1,0.2,0.1,0.9,0.1,0.2,0.04,0.02,0.42,0.1,0.02,0.04,0.53,0.1,0.02,0.08,2.69,0.2,0.53,0.5,0.5,0.5,0.55,0.5,0.53,0.6,0.5,0.7,0.9,0.5,0.89,0.5,0.5,0.78,1.04,0.5,0.53,8.5,0.2,"5,269",480.8
"93","Warren",2.47,4.2,16.81,0,0,0,0,73.03,0.0799,0.027,0.0855,0.143,0.2366,0.8868,0.2905,1.3516,4.9045,4.23,0.005,0.22,0.001,0.02,0.04,0.47,0,1.43,0.1,0.01,0.003,0,0.001,0.01,0.22,0.1,1,1,0.64,2,0.07,1.32,0.1,0.2,0.1,0.9,0.1,0.2,0.04,0.02,0.1,0.1,0.02,0.04,0.5,0.1,0.02,0.01,0.5,0.2,0.5,0.5,0.5,0.5,0.5,0.5,0.5,0.5,0.5,0.5,0.5,0.5,0.5,0.5,0.5,0.5,0.5,0.5,0.5,3,0.2,"153",473.3
"94","Washington",5.66,2.04,22.45,1.02,0,0,0,23.33,0.098,0.0763,0.1238,0.3769,0.1774,0.6968,0.6451,1.0489,3.8565,0,0.005,0.4,0.001,0.02,0.04,0.47,0,1,0.02,0.01,0.003,0,0.001,0.01,0.4,0.1,1,1,0.6,2,0.07,1.32,0.1,0.2,0.1,0.9,0.1,0.2,0.04,0.02,0.1,0.1,0.02,0.04,0.5,0.1,0.02,0.01,5.07,0.2,0.5,0.5,0.5,0.5,0.5,0.5,0.5,0.5,0.5,0.5,0.5,0.5,0.5,0.5,0.5,0.5,0.5,0.5,0.5,1.45,0.2,"72",361.5
"95","Watauga",0.52,0,63.16,0,0,0,0,32.49,0.0971,0.0186,0.0971,0.0502,0.1862,0.8437,0.1098,1.4143,7.1406,10.8,0.005,0.19,0.001,0.017,0.031,1.64,0,1.05,0.1,0.009,0.003,0,0.001,0.01,0.19,0.1,1,0.91,0.6,2,0.07,1.32,0.1,0.2,0.1,0.9,0.1,0.2,0.04,0.02,0.1,0.1,0.043,0.04,0.5,0.1,0.02,0.01,2.77,0.2,0.5,0.5,0.5,0.5,0.5,0.5,0.5,0.5,0.5,0.5,0.5,0.5,0.5,0.5,0.5,0.5,1.09,0.5,0.5,1.53,0.2,"254",396.7
"96","Wayne",9.48,87.89,50.93,4.11,0,0,0,11.1,0.0824,0.0305,0.0725,0.2044,0.2355,0.7728,0.3737,1.197,4.0718,0.45,0.005,0.2,0.001,0.014,0.04,0.45,0,1.68,0.1,0.01,0.003,0,0.001,0.01,0.2,0.1,1,1,0.6,2,0.07,1.44,0.1,0.2,0.1,0.9,0.1,0.2,0.04,0.02,0.1,0.1,0.02,0.04,0.5,0.1,0.02,0.01,1.05,0.2,0.5,0.5,0.5,0.5,0.5,0.5,0.5,0.5,0.5,0.5,0.5,0.5,0.5,0.5,0.5,0.5,0.5,0.5,0.5,3,0.2,"732",486.9
"97","Wilkes",1.2,0,33.43,0,0,0,0,47.01,0.1027,0.023,0.1197,0.0622,0.1959,0.8918,0.1422,1.5935,7.0062,10.97,0.005,0.27,0.001,0.019,0.04,0.49,0,0.59,0.05,0.01,0.003,0,0.001,0.01,0.27,0.1,1,1,0.6,2,0.07,1.32,0.1,0.2,0.1,0.9,0.1,0.2,0.04,0.02,0.1,0.1,0.02,0.04,0.5,0.1,0.02,0.01,0.5,0.2,0.5,0.5,0.5,0.5,0.5,0.5,0.5,0.5,0.5,0.5,0.7,0.5,0.5,0.5,0.5,0.5,0.5,0.5,0.5,1.85,0.2,"475",460.2
"98","Wilson",5.15,6.37,68.76,3.82,0,0,0,32.28,0.0808,0.0281,0.0762,0.1832,0.2342,0.8143,0.3445,1.2351,4.1795,1.49,0.005,0.16,0.001,0.01,0.023,1.07,0,1.49,0.08,0.008,0.002,0,0.001,0.01,0.16,0.1,1,1,0.6,2,0.07,2.41,0.1,0.2,0.1,0.9,0.1,0.2,0.04,0.02,0.1,0.1,0.02,0.04,0.5,0.1,0.02,0.01,0.5,0.2,0.5,0.5,0.5,0.5,0.5,0.5,0.5,0.5,0.5,0.5,0.5,0.5,0.5,0.5,0.5,0.5,0.5,0.5,0.5,0.8,0.2,"471",431.2
"99","Yadkin",1.51,2.15,36.59,1.08,0,0,0,73.45,0.0971,0.0267,0.1248,0.0786,0.2074,0.9254,0.181,1.7186,6.7817,10.16,0.005,0.05,0.001,0.016,0.028,0.31,0,0.51,0.04,0.008,0.003,0,0.001,0.01,0.05,0.1,1,1,0.6,2,0.07,1.34,0.1,0.2,0.1,0.9,0.1,0.2,0.04,0.02,0.1,0.1,0.02,0.04,0.5,0.1,0.02,0.03,1,0.2,0.5,0.5,0.5,0.5,0.5,0.5,0.5,0.5,0.5,0.5,0.5,0.5,0.5,0.5,0.5,0.5,0.92,0.5,0.5,3,0.2,"252",464.6
"100","Yancey",NA,0,25.3,0,0,0,0,84.92,0.0833,0.011,0.0598,0.0434,0.1378,0.6445,0.0847,1.1149,6.554,9.93,0.008,0.01,0.001,0.006,0.021,0.11,0,0.76,0.05,0.013,0.003,0,0.001,0.01,0.01,0.1,1,1,0.6,2,0.07,2.11,0.1,0.2,0.1,0.9,0.1,0.2,0.04,0.02,0.1,0.1,0.02,0.04,0.5,0.1,0.02,0.01,0.5,0.2,0.5,0.5,0.5,0.5,0.5,0.5,0.5,0.5,0.5,0.5,0.5,0.5,0.5,0.5,0.5,0.5,0.5,0.5,0.5,3,0.2,"145",480.5
